0, 0, -6.46, VDEHMDEWRD
0, 1, -4.97, SHIHDDHVRY
0, 2, -3.8100000000000005, TPGMMEDVKV
0, 3, -3.5, IFVTAKASGH
0, 4, -3.34, KMHIHELSVY
1, 0, -6.46, VDEHMDEWRD
1, 1, -5.9, SAVHDDHVEW
1, 2, -5.680000000000001, PPGTMEDVNY
1, 3, -5.3999999999999995, MDEHMDRWKD
1, 4, -4.97, SHIHDDHVRY
2, 0, -6.79, PPGTMERWKD
2, 1, -6.46, VDEHMDEWRD
2, 2, -6.140000000000001, MDEHPEDVNY
2, 3, -6.05, SAVHDDHVRD
2, 4, -5.9, SAVHDDHVEW
3, 0, -7.130000000000001, PPEHMEEWRD
3, 1, -6.83, SDEHPEDVNY
3, 2, -6.79, PPGTMERWKD
3, 3, -6.46, VDEHMDEWRD
3, 4, -6.140000000000001, MDEHPEDVNY
4, 0, -7.609999999999999, PPEHPEDNHY
4, 1, -7.130000000000001, PPEHMEEWRD
4, 2, -6.83, SDEHPEDVNY
4, 3, -6.79, PPGTMERWKD
4, 4, -6.7299999999999995, SDEHMEEWRD
