0, 40, -6.8133333333333335, -8.906666666666668, -7.640000000000001, -7.6658333333333335, 0.5229864827231304
1, 40, -7.763333333333334, -8.906666666666668, -8.048333333333332, -8.099333333333334, 0.27249892966150674
2, 40, -8.09, -9.563333333333333, -8.33, -8.383750000000001, 0.2965497780025022
3, 40, -8.24, -9.566666666666666, -8.491666666666667, -8.593333333333334, 0.31551281009387455
4, 40, -8.406666666666668, -9.566666666666666, -8.651666666666667, -8.719750000000001, 0.2660632626316948
5, 40, -8.523333333333333, -9.566666666666666, -8.753333333333334, -8.792583333333335, 0.24244184583341036
6, 40, -8.63, -9.566666666666666, -8.8, -8.883333333333333, 0.23987959942900972
7, 40, -8.706666666666667, -9.566666666666666, -8.891666666666667, -8.95975, 0.2194910622073
8, 40, -8.753333333333334, -9.566666666666666, -8.951666666666666, -8.983916666666667, 0.20336596391180534
9, 40, -8.799999999999999, -9.566666666666666, -9.01, -9.041583333333334, 0.1846618343230552
10, 40, -8.846666666666666, -9.566666666666666, -9.02, -9.056416666666667, 0.1720745760483582
11, 40, -8.906666666666668, -9.566666666666666, -9.078333333333333, -9.10925, 0.15791785399729535
12, 40, -8.956666666666667, -9.566666666666666, -9.1, -9.12525, 0.15086212892719114
13, 40, -8.993333333333332, -9.676666666666666, -9.115, -9.168916666666666, 0.1596983049725672
14, 40, -9.023333333333333, -9.676666666666666, -9.15, -9.2165, 0.16363908457333765
15, 40, -9.066666666666666, -9.676666666666666, -9.181666666666665, -9.232416666666666, 0.15136597940826127
16, 40, -9.1, -9.676666666666666, -9.196666666666665, -9.242666666666667, 0.14733785815072922
17, 40, -9.116666666666667, -9.676666666666666, -9.236666666666666, -9.2765, 0.13775572180090698
18, 40, -9.146666666666668, -9.793333333333333, -9.286666666666667, -9.306833333333334, 0.14995730873966898
19, 40, -9.15, -9.953333333333333, -9.305, -9.3325, 0.17557959575202473
20, 40, -9.173333333333332, -9.97, -9.311666666666667, -9.360833333333334, 0.1946003739861657
21, 40, -9.203333333333333, -9.97, -9.328333333333333, -9.381, 0.18174646565415728
22, 40, -9.203333333333333, -9.97, -9.34, -9.392833333333334, 0.18517041700372475
