0, 0, -8.873333333333333, WPNYVD
0, 1, -8.463333333333333, GPWKHM
0, 2, -8.406666666666666, GRFCNA
0, 3, -8.363333333333333, LWSHTA
0, 4, -8.356666666666667, TKNKWW
0, 5, -8.32, FLEHSP
0, 6, -8.32, QNNYRA
0, 7, -8.093333333333334, HYRLQH
0, 8, -8.083333333333334, WKWERE
0, 9, -8.079999999999998, FMFNQF
0, 10, -8.013333333333334, QWNAMN
0, 11, -7.966666666666666, TIQEEG
0, 12, -7.963333333333334, WSTAKH
0, 13, -7.953333333333332, WDDLGQ
0, 14, -7.946666666666667, SENKGT
0, 15, -7.91, YRTLPT
0, 16, -7.883333333333334, VWHLAR
0, 17, -7.856666666666667, YSDLGY
0, 18, -7.7700000000000005, NCAGWG
0, 19, -7.746666666666667, AWCAEE
0, 20, -7.739999999999999, FENGGL
0, 21, -7.706666666666667, SLNFSC
0, 22, -7.386666666666667, FWWCNC
0, 23, -7.37, LDEVLD
0, 24, -7.296666666666667, KPCHMH
0, 25, -7.29, IFGRQH
0, 26, -7.289999999999999, HVTGLC
0, 27, -7.286666666666667, IWCGIQ
0, 28, -7.173333333333333, DKMLRC
0, 29, -6.37, IWMCIA
1, 0, -9.303333333333335, GPWNHW
1, 1, -8.873333333333333, WPNYVD
1, 2, -8.71, WITRPK
1, 3, -8.523333333333333, YQWGYQ
1, 4, -8.463333333333333, GPWKHM
1, 5, -8.446666666666667, WREAGT
1, 6, -8.406666666666666, GRFCNA
1, 7, -8.363333333333333, LWSHTA
1, 8, -8.356666666666667, TKNKWW
1, 9, -8.34, SSWKWW
1, 10, -8.32, FLEHSP
1, 11, -8.32, QNNYRA
1, 12, -8.296666666666667, QNNNSF
1, 13, -8.256666666666668, ASEHSP
1, 14, -8.143333333333334, VWNKHW
1, 15, -8.13, TQHTAR
1, 16, -8.093333333333334, HYRLQH
1, 17, -8.083333333333334, WKWERE
1, 18, -8.079999999999998, FMFNQF
1, 19, -8.066666666666666, FQDGGD
1, 20, -8.013333333333334, QWNAMN
1, 21, -8.006666666666666, PESLAA
1, 22, -7.996666666666667, WRKYCI
1, 23, -7.9799999999999995, FKNKWY
1, 24, -7.966666666666666, TIQEEG
1, 25, -7.963333333333334, WSTAKH
1, 26, -7.953333333333332, WDDLGQ
1, 27, -7.946666666666667, SENKGT
1, 28, -7.913333333333334, LWCAKP
1, 29, -7.91, YRTLPT
2, 0, -9.303333333333335, GPWNHW
2, 1, -9.146666666666667, RPWNHH
2, 2, -8.873333333333333, WPNYVD
2, 3, -8.71, WITRPK
2, 4, -8.686666666666667, DPWKYW
2, 5, -8.620000000000001, WRWAGT
2, 6, -8.593333333333334, WRESHW
2, 7, -8.523333333333333, YQWGYQ
2, 8, -8.476666666666667, TQYPFR
2, 9, -8.463333333333333, GPWKHM
2, 10, -8.446666666666667, WREAGT
2, 11, -8.443333333333333, GPGEHP
2, 12, -8.416666666666666, WREQGT
2, 13, -8.41, HYHHSP
2, 14, -8.406666666666666, GRFCNA
2, 15, -8.363333333333333, LWSHTA
2, 16, -8.356666666666667, TKNKWW
2, 17, -8.34, SSWKWW
2, 18, -8.33, GAWCWW
2, 19, -8.32, FLEHSP
2, 20, -8.32, QNNYRA
2, 21, -8.296666666666667, QNNNSF
2, 22, -8.293333333333335, WQDHTI
2, 23, -8.263333333333334, YLENSP
2, 24, -8.256666666666668, ASEHSP
2, 25, -8.253333333333334, NNDGGD
2, 26, -8.206666666666665, FQDRGK
2, 27, -8.183333333333334, HVTRPK
2, 28, -8.143333333333334, VWNKHW
2, 29, -8.13, TQHTAR
3, 0, -9.65, WSVTWW
3, 1, -9.313333333333333, WFENYP
3, 2, -9.303333333333335, GPPWLD
3, 3, -9.303333333333335, GPWNHW
3, 4, -9.146666666666667, RPWNHH
3, 5, -9.096666666666666, RPWCWW
3, 6, -8.873333333333333, WPNYVD
3, 7, -8.799999999999999, WAGEHP
3, 8, -8.763333333333334, HWHHDP
3, 9, -8.756666666666668, KPWYVD
3, 10, -8.71, RPFHHF
3, 11, -8.71, WITRPK
3, 12, -8.686666666666667, EPNWVD
3, 13, -8.686666666666667, DPWKYW
3, 14, -8.67, HQNRYQ
3, 15, -8.620000000000001, WRWAGT
3, 16, -8.596666666666666, DPRKYS
3, 17, -8.593333333333334, WRESHW
3, 18, -8.523333333333333, YQWGYQ
3, 19, -8.48, WHESQW
3, 20, -8.476666666666667, TQYPFR
3, 21, -8.463333333333333, GPWKHM
3, 22, -8.446666666666667, WQHGGA
3, 23, -8.446666666666667, WREAGT
3, 24, -8.443333333333333, GPGEHP
3, 25, -8.43, WTWHHH
3, 26, -8.416666666666666, WREQGT
3, 27, -8.41, HYHHSP
3, 28, -8.406666666666666, GRFCNA
3, 29, -8.363333333333333, LWSHTA
4, 0, -9.65, WSVTWW
4, 1, -9.523333333333333, RPNWVW
4, 2, -9.313333333333333, WFENYP
4, 3, -9.303333333333335, GPPWLD
4, 4, -9.303333333333335, GPWNHW
4, 5, -9.213333333333333, TPWVHW
4, 6, -9.146666666666667, RPWNHH
4, 7, -9.096666666666666, RPWCWW
4, 8, -9.05, GPWQHP
4, 9, -9.049999999999999, FHEHWT
4, 10, -8.886666666666667, WPNYFK
4, 11, -8.873333333333333, WPNYVD
4, 12, -8.84, RWHWDP
4, 13, -8.799999999999999, WAGEHP
4, 14, -8.763333333333334, HWHHDP
4, 15, -8.756666666666668, KPWYVD
4, 16, -8.726666666666667, SITRYR
4, 17, -8.72, RPWLVY
4, 18, -8.71, RPFHHF
4, 19, -8.71, WITRPK
4, 20, -8.693333333333333, WFENWW
4, 21, -8.686666666666667, WSATYP
4, 22, -8.686666666666667, EPNWVD
4, 23, -8.686666666666667, DPWKYW
4, 24, -8.683333333333334, GPWNHT
4, 25, -8.67, HQNRYQ
4, 26, -8.620000000000001, WRWAGT
4, 27, -8.6, GNYRFE
4, 28, -8.6, HYNQWQ
4, 29, -8.596666666666666, DPRKYS
5, 0, -9.686666666666667, WFWNYP
5, 1, -9.65, WSVTWW
5, 2, -9.64, WPWCYW
5, 3, -9.523333333333333, RPNWVW
5, 4, -9.363333333333333, EPWWRW
5, 5, -9.313333333333333, WFENYP
5, 6, -9.303333333333335, GPPWLD
5, 7, -9.303333333333335, GPWNHW
5, 8, -9.213333333333333, TPWVHW
5, 9, -9.146666666666667, RPWNHH
5, 10, -9.13, GPRVWW
5, 11, -9.096666666666666, RPWCWW
5, 12, -9.05, GPWQHP
5, 13, -9.049999999999999, FHEHWT
5, 14, -8.96, WFHWDP
5, 15, -8.9, NDNWWW
5, 16, -8.886666666666667, WPNYFK
5, 17, -8.873333333333333, WPNYVD
5, 18, -8.84, RWHWDP
5, 19, -8.826666666666666, EPNYGT
5, 20, -8.803333333333333, WPWAGE
5, 21, -8.799999999999999, WAGEHP
5, 22, -8.763333333333334, HWHHDP
5, 23, -8.756666666666668, KPWYVD
5, 24, -8.726666666666667, SITRYR
5, 25, -8.72, RPWLVY
5, 26, -8.71, RPFHHF
5, 27, -8.71, WITRPK
5, 28, -8.703333333333333, HFNSWW
5, 29, -8.693333333333333, WFENWW
6, 0, -9.686666666666667, WFWNYP
6, 1, -9.65, WSVTWW
6, 2, -9.64, WPWCYW
6, 3, -9.523333333333333, RPNWVW
6, 4, -9.506666666666666, WNNYWW
6, 5, -9.426666666666666, WPWQHP
6, 6, -9.366666666666667, PPDFHW
6, 7, -9.363333333333333, EPWWRW
6, 8, -9.360000000000001, RPGWWW
6, 9, -9.313333333333333, WFENYP
6, 10, -9.303333333333335, GPPWLD
6, 11, -9.303333333333335, GPWNHW
6, 12, -9.213333333333333, TPWVHW
6, 13, -9.146666666666667, RPWNHH
6, 14, -9.13, GPRVWW
6, 15, -9.096666666666668, NPYHHP
6, 16, -9.096666666666666, RPWCWW
6, 17, -9.09, WPHYPD
6, 18, -9.05, GPWFRW
6, 19, -9.05, GPWQHP
6, 20, -9.049999999999999, FHEHWT
6, 21, -9.036666666666667, WPWWRW
6, 22, -8.96, WFHWDP
6, 23, -8.906666666666666, WPNWNP
6, 24, -8.9, NDNWWW
6, 25, -8.886666666666667, WPNYFK
6, 26, -8.873333333333333, GPWRNH
6, 27, -8.873333333333333, WPNYVD
6, 28, -8.84, RWHWDP
6, 29, -8.826666666666666, EPNYGT
7, 0, -9.796666666666667, WPNYWW
7, 1, -9.686666666666667, WFWNYP
7, 2, -9.65, WSVTWW
7, 3, -9.64, WPWCYW
7, 4, -9.523333333333333, RPNWVW
7, 5, -9.510000000000002, GPWNHP
7, 6, -9.506666666666666, WNNYWW
7, 7, -9.426666666666666, WPWQHP
7, 8, -9.426666666666666, WPWQHP
7, 9, -9.366666666666667, PPDFHW
7, 10, -9.363333333333333, EPWWRW
7, 11, -9.360000000000001, RPGWWW
7, 12, -9.316666666666668, EPHYPD
7, 13, -9.313333333333333, WFENYP
7, 14, -9.303333333333335, GPPWLD
7, 15, -9.303333333333335, GPWNHW
7, 16, -9.280000000000001, RPGWYP
7, 17, -9.266666666666666, GPWWMW
7, 18, -9.26, SPWQHW
7, 19, -9.25, RPNWFP
7, 20, -9.213333333333333, TPWVHW
7, 21, -9.209999999999999, WPWQHF
7, 22, -9.193333333333333, PPDFHE
7, 23, -9.183333333333334, PPHWPD
7, 24, -9.146666666666667, RPWNHH
7, 25, -9.13, GPRVWW
7, 26, -9.096666666666668, NPYHHP
7, 27, -9.096666666666666, RPWCWW
7, 28, -9.09, WPHYPD
7, 29, -9.09, WPHYPD
8, 0, -9.796666666666667, WPNYWW
8, 1, -9.686666666666667, WFWNYP
8, 2, -9.65, WSVTWW
8, 3, -9.64, WPWCYW
8, 4, -9.523333333333333, RPNWVW
8, 5, -9.510000000000002, GPWNHP
8, 6, -9.510000000000002, GPWNHP
8, 7, -9.506666666666666, WNNYWW
8, 8, -9.426666666666666, WPWQHP
8, 9, -9.426666666666666, WPWQHP
8, 10, -9.366666666666667, PPDFHW
8, 11, -9.363333333333333, EPWWRW
8, 12, -9.360000000000001, RPGWWW
8, 13, -9.356666666666666, RPWNHP
8, 14, -9.316666666666668, EPHYPD
8, 15, -9.313333333333333, WFENYP
8, 16, -9.303333333333335, GPPWLD
8, 17, -9.303333333333335, GPWNHW
8, 18, -9.280000000000001, RPGWYP
8, 19, -9.266666666666666, GPWWMW
8, 20, -9.26, SPWQHW
8, 21, -9.25, RPNWFP
8, 22, -9.213333333333333, TPWVHW
8, 23, -9.209999999999999, WPWQHF
8, 24, -9.2, NPHYPW
8, 25, -9.193333333333333, PPDFHE
8, 26, -9.183333333333334, PPHWPD
8, 27, -9.16, EPWHRW
8, 28, -9.146666666666667, RPWNHH
8, 29, -9.13, GPRVWW
9, 0, -9.796666666666667, WPNYWW
9, 1, -9.686666666666667, WFWNYP
9, 2, -9.65, WSVTWW
9, 3, -9.64, WPWCYW
9, 4, -9.613333333333333, EPWWYP
9, 5, -9.583333333333334, WNNYRP
9, 6, -9.576666666666666, WPWDHP
9, 7, -9.523333333333333, RPNWVW
9, 8, -9.510000000000002, GPWNHP
9, 9, -9.510000000000002, GPWNHP
9, 10, -9.506666666666666, WNNYWW
9, 11, -9.426666666666666, WPWQHP
9, 12, -9.426666666666666, WPWQHP
9, 13, -9.366666666666667, PPDFHW
9, 14, -9.363333333333333, EPWWRW
9, 15, -9.360000000000001, RPGWWW
9, 16, -9.356666666666666, RPWNHP
9, 17, -9.316666666666668, EPHYPD
9, 18, -9.313333333333333, WFENYP
9, 19, -9.303333333333335, GPPWLD
9, 20, -9.303333333333335, GPWNHW
9, 21, -9.280000000000001, RPGWYP
9, 22, -9.27, WPNNQY
9, 23, -9.266666666666666, GPWWMW
9, 24, -9.26, SPWQHW
9, 25, -9.25, RPNWFP
9, 26, -9.233333333333333, RPEWRW
9, 27, -9.22, GPWEHP
9, 28, -9.213333333333333, TPWVHW
9, 29, -9.209999999999999, WPWQHF
10, 0, -10.809999999999999, GPPYWW
10, 1, -9.796666666666667, WPNYWW
10, 2, -9.686666666666667, WFWNYP
10, 3, -9.65, WSVTWW
10, 4, -9.64, WPWCYW
10, 5, -9.613333333333333, EPWWYP
10, 6, -9.583333333333334, WNNYRP
10, 7, -9.576666666666666, WPWDHP
10, 8, -9.553333333333333, YPWRHP
10, 9, -9.523333333333333, RPNWVW
10, 10, -9.510000000000002, GPWNHP
10, 11, -9.510000000000002, GPWNHP
10, 12, -9.506666666666666, WNNYWW
10, 13, -9.486666666666666, PPNYVY
10, 14, -9.426666666666668, GPWNYP
10, 15, -9.426666666666666, WPWQHP
10, 16, -9.426666666666666, WPWQHP
10, 17, -9.366666666666667, PPDFHW
10, 18, -9.363333333333333, EPWWRW
10, 19, -9.360000000000001, RPGWWW
10, 20, -9.360000000000001, RPGWWW
10, 21, -9.356666666666666, RPWNHP
10, 22, -9.32, WPWQHW
10, 23, -9.316666666666668, EPHYPD
10, 24, -9.313333333333333, WFENYP
10, 25, -9.303333333333335, GPPWLD
10, 26, -9.303333333333335, GPWNHW
10, 27, -9.280000000000001, RPGWYP
10, 28, -9.27, WPNNQY
10, 29, -9.266666666666666, GPWWMW
11, 0, -10.809999999999999, GPPYWW
11, 1, -9.796666666666667, WPNYWW
11, 2, -9.75, WPNFRP
11, 3, -9.686666666666667, WFWNYP
11, 4, -9.676666666666668, WPWYHW
11, 5, -9.66, WNVYWW
11, 6, -9.65, WSVTWW
11, 7, -9.64, WPWCYW
11, 8, -9.613333333333333, EPWWYP
11, 9, -9.583333333333334, WNNYRP
11, 10, -9.576666666666666, WPWDHP
11, 11, -9.553333333333333, YPWRHP
11, 12, -9.523333333333333, WPNRRW
11, 13, -9.523333333333333, RPNWVW
11, 14, -9.510000000000002, GPWNHP
11, 15, -9.510000000000002, GPWNHP
11, 16, -9.506666666666666, WNNYWW
11, 17, -9.506666666666666, WNNYWW
11, 18, -9.486666666666666, PPNYVY
11, 19, -9.426666666666668, GPWNYP
11, 20, -9.426666666666666, WPWQHP
11, 21, -9.426666666666666, WPWQHP
11, 22, -9.4, YPDYWW
11, 23, -9.366666666666667, PPDFHW
11, 24, -9.363333333333333, EPWWRW
11, 25, -9.360000000000001, RPGWWW
11, 26, -9.360000000000001, RPGWWW
11, 27, -9.356666666666667, WPWDVY
11, 28, -9.356666666666666, RPWNHP
11, 29, -9.343333333333334, GPNYGW
12, 0, -10.809999999999999, GPPYWW
12, 1, -9.796666666666667, WPNYWW
12, 2, -9.783333333333333, WNNRYP
12, 3, -9.75, WPNFRP
12, 4, -9.686666666666667, WFWNYP
12, 5, -9.686666666666667, WFWNYP
12, 6, -9.676666666666668, WPWYHW
12, 7, -9.66, WNVYWW
12, 8, -9.65, WSVTWW
12, 9, -9.64, WPWCYW
12, 10, -9.613333333333333, EPWWYP
12, 11, -9.583333333333334, WNNYRP
12, 12, -9.576666666666666, WPWDHP
12, 13, -9.553333333333333, YPWRHP
12, 14, -9.523333333333333, WPNRRW
12, 15, -9.523333333333333, RPNWVW
12, 16, -9.510000000000002, GPWNHP
12, 17, -9.510000000000002, GPWNHP
12, 18, -9.506666666666666, WNNYWW
12, 19, -9.506666666666666, WNNYWW
12, 20, -9.486666666666666, PPNYVY
12, 21, -9.476666666666667, WNNYRW
12, 22, -9.436666666666667, WNWQHP
12, 23, -9.426666666666668, WEYGHP
12, 24, -9.426666666666668, GPWNYP
12, 25, -9.426666666666666, WPWQHP
12, 26, -9.426666666666666, WPWQHP
12, 27, -9.4, YPDYWW
12, 28, -9.366666666666667, PPDFHW
12, 29, -9.363333333333333, EPWWRW
13, 0, -10.973333333333334, WPPWWW
13, 1, -10.809999999999999, GPPYWW
13, 2, -10.033333333333333, PPWQHP
13, 3, -9.796666666666667, WPNYWW
13, 4, -9.783333333333333, WNNRYP
13, 5, -9.75, WPNFRP
13, 6, -9.686666666666667, WFWNYP
13, 7, -9.686666666666667, WFWNYP
13, 8, -9.686666666666667, WFWNYP
13, 9, -9.676666666666668, WPWYHW
13, 10, -9.66, WNVYWW
13, 11, -9.65, WSVTWW
13, 12, -9.64, WPWCYW
13, 13, -9.64, WPWCYW
13, 14, -9.613333333333333, EPWWYP
13, 15, -9.583333333333334, WNNYRP
13, 16, -9.576666666666666, WPWDHP
13, 17, -9.573333333333334, GPNFRP
13, 18, -9.553333333333333, YPWRHP
13, 19, -9.523333333333333, WPNRRW
13, 20, -9.523333333333333, RPNWVW
13, 21, -9.510000000000002, GPWNHP
13, 22, -9.510000000000002, GPWNHP
13, 23, -9.506666666666666, WNNYWW
13, 24, -9.506666666666666, WNNYWW
13, 25, -9.486666666666666, PPNYVY
13, 26, -9.48, WPWYWW
13, 27, -9.476666666666667, WNNYRW
13, 28, -9.446666666666667, WPSRRW
13, 29, -9.436666666666667, WNWQHP
14, 0, -10.973333333333334, WPPWWW
14, 1, -10.973333333333334, WPPWWW
14, 2, -10.809999999999999, GPPYWW
14, 3, -10.033333333333333, PPWQHP
14, 4, -9.796666666666667, WPNYWW
14, 5, -9.796666666666667, WPNYWW
14, 6, -9.796666666666667, WPNYWW
14, 7, -9.783333333333333, WNNRYP
14, 8, -9.75, WPNFRP
14, 9, -9.75, WPNFRP
14, 10, -9.686666666666667, WFWNYP
14, 11, -9.686666666666667, WFWNYP
14, 12, -9.686666666666667, WFWNYP
14, 13, -9.686666666666667, WFWNYP
14, 14, -9.676666666666668, WPWYHW
14, 15, -9.66, WNVYWW
14, 16, -9.65, WSVTWW
14, 17, -9.64, WPWCYW
14, 18, -9.64, WPWCYW
14, 19, -9.613333333333333, EPWWYP
14, 20, -9.583333333333334, WNNYRP
14, 21, -9.576666666666666, WPWDHP
14, 22, -9.573333333333334, GPNFRP
14, 23, -9.573333333333334, GPNFRP
14, 24, -9.553333333333333, YPWRHP
14, 25, -9.523333333333333, WPNRRW
14, 26, -9.523333333333333, RPNWVW
14, 27, -9.510000000000002, GPWNHP
14, 28, -9.510000000000002, GPWNHP
14, 29, -9.506666666666666, WNNYWW
